Name,Surname,Age
Chad,Blood,23
Herlinda,Harvey,22
Clyde,Clark,31
Kristina,Tryon,65
Dana,Rayford,36
Elaine,Davis,32
Reginald,Maestas,23
Sheila,Brown,47
Steven,Annis,43
Linda,Anderson,37
Robert,Tomko,44
Vivian,Khalil,33
Christopher,William,19
Jesica,Hazel,65
Sara,Cannon,55
Crystal,Royal,59
Caroline,Gulledge,37
Miranda,Land,29
Darlene,Melton,67
Randall,Wieland,32
Randi,Humphreys,44
Robert,Lawlor,46
Martha,Simon,26
Dawn,True,80
Judy,Thornton,69
Jimmy,Salamanca,37
Earl,Valdez,52
Heath,Smalls,31
Carol,Rodriguez,24
Karen,Bruton,27
Annie,Jung,59
Heather,Evans,27
Esther,Mcgee,33
Tyler,Serna,61
John,Pimentel,60
Lillian,Stewart,66
Kim,Tyler,71
Michelle,Leadbetter,30
Steven,Garner,25
Patrick,Koeller,32
Dean,Rivera,65
Karen,Hibbard,62
Shawn,Mitchell,55
Joseph,Ohagan,65
Billy,Bowden,27
Charles,Lee,74
Katie,Latigo,40
Alberto,Elzy,55
Samuel,Hairr,59
Gerald,Tran,50
Sarah,Hollingsworth,25
Debra,Edgerton,70
Shirley,Moss,78
Kimberly,Rowland,20
Marcia,Phillips,69
Larry,Keyser,72
Minnie,Burmside,54
Ivory,Gordon,52
Randal,Walker,46
Dana,Isip,36
Joe,Paxton,52
Louis,Lewis,65
Robert,Pippin,71
Jim,Kowalchuk,71
Manuel,Sheriff,20
Arthur,Greene,65
Emily,Guidry,23
Bernadine,Blair,30
Nancy,Hinton,74
Jesse,Bonner,49
Helen,Plowden,61
Holly,Muzii,28
Justin,Moore,38
April,Daniel,42
Beatrice,Vessels,29
Jennifer,Santoro,54
Jose,Anaya,42
Charles,Holland,38
Teddy,Vizcaino,71
William,Taylor,25
Samuel,Richard,26
Melvin,Amorin,62
Kurt,Crotty,74
James,Lorenzen,31
Andrea,Wolfson,64
Lynn,Sanchez,77
Cheryl,Robinson,47
Eileen,Marshall,58
Andrew,Smith,44
Adrian,Hoover,59
Bernard,Leavitt,78
Karen,Badami,44
Christine,Turner,46
Leland,Lee,67
Shawn,Bulter,42
Shannon,Worrell,35
Edwin,Wessells,68
Tracy,Church,55
Bobby,Coble,50
Frank,Blunt,40
Harry,Whaley,50
Ronald,Greene,51
Glenda,Alexander,41
Glenda,Smith,31
Joyce,Suits,40
Christopher,Garcia,64
Benjamin,Ward,31
Denise,Korsak,52
Peggy,Denton,43
Henry,Hook,47
Alma,Cannady,80
Vicenta,Ainsley,29
Judy,Medrano,52
Elizabeth,Chisam,74
Laura,Eaton,46
Carmelo,Schumacher,72
Doyle,Frank,41
Steve,Gonzales,56
Leticia,Hodak,74
Brett,Miller,40
Floyd,Treleven,18
Wilson,Hinnenkamp,25
Jennifer,Niskanen,36
Barbara,Price,43
Antonio,Hagler,38
Jessica,Ellis,32
Robert,Worley,52
Mary,Mompoint,42
Gail,Nguyen,57
Fannie,Link,38
Donna,Rehberg,52
Maria,Rodkey,67
Jennifer,Brecht,43
Mark,Lacayo,53
Christine,Wagner,30
Jenny,Richards,68
Howard,Perreault,21
Janice,Foster,57
Holly,Blunt,73
Ida,Wilson,32
Anthony,Yeaton,43
Emily,Bowen,29
Darlene,Clark,21
Luis,Damon,58
David,Brown,51
Susan,Flies,30
Luana,Beyer,62
Beatrice,Chapman,60
Melissa,Dean,23
Johnny,Slack,57
Beverly,Clay,54
Willard,Hausmann,70
Loretta,Humble,30
Carl,Vargas,26
Dennis,Swinson,33
Linda,Joyner,27
Roland,Gentles,70
Michael,Kowalski,80
Lisa,Medders,50
Sherwood,Smith,80
Wanda,Hockenberry,20
Paul,Peery,33
Jorge,Frierson,54
John,Ramirez,21
Oscar,Ford,33
Alfred,Delaney,68
Mary,Sheekey,18
David,Melillo,29
Tierra,Morgan,70
Stephen,Freudenburg,56
Bernice,Bartoletti,50
Mark,Peterson,73
Norman,Waites,24
Brandon,Paquette,62
Hazel,Kropff,34
Robert,Elmendorf,51
Nancy,Tang,76
Kathleen,Hamilton,60
Margaret,Womble,60
Derick,Stephens,61
James,Garner,76
Lucas,Amezcua,50
Jerry,Barnhart,62
Amanda,Townes,79
Rocky,Simmons,61
Edna,Ortiz,62
Edith,Yates,35
Alfonso,Betton,25
Holly,James,61
Dorothy,Kalama,35
Jesse,Johnson,20
Joann,Hays,22
Emma,Pittman,37
Michel,Olson,51
David,Leon,78
Larry,Gonzalez,48
Adam,Warman,78
Robert,Chi,33
Scott,Eyer,21
Barbara,Washington,39
Helen,Obrien,28
Catherine,Bone,69
Richard,Loyd,70
Kelley,Wolcott,38
Danny,Carswell,37
Barbara,Brunner,63
David,Williams,41
Anna,Smith,44
Nancy,Tullio,79
Elvira,Gorn,22
Jason,Eller,45
Kendall,Smith,70
Neal,Murrah,45
Randy,Street,56
Eric,Felix,72
Mary,Miller,31
Gene,Bello,32
Michael,Overby,21
Migdalia,Corathers,23
Edna,Clayton,52
Matthew,Miller,22
Bonnie,Curtis,53
Melvin,Carter,77
George,James,78
Chin,Thornton,59
Rose,Long,61
Jeanne,Levine,49
Grace,Fitzpatrick,39
Anabel,Ortega,56
Lewis,Talley,23
Cindy,Koenig,36
Jesus,Teel,34
John,Williams,31
Eric,Soto,24
Nora,Ortiz,51
Phyllis,Wilson,21
Bernice,Petit,70
Dorothy,Washington,41
Angela,Clark,39
Annie,Thompson,63
Carrie,Maciel,34
William,Garcia,39
Jessica,Foster,37
Janet,Zollars,28
Linda,Hennessy,18
Merna,Boney,79
Barbara,Appel,68
Gary,Ochoa,54
Patricia,Jones,37
Edgar,Barajas,31
Joe,Worley,34
Bradley,Allen,40
Brandon,Gallagher,48
Edward,Scott,48
Paul,Mekee,22
Brian,Murphy,33
George,Coffman,31
Peter,Salter,41
Patsy,Hidalgo,29
Michael,Brooks,63
Charlene,Mccleary,68
Bryan,Welch,70
Vivian,Sheehan,29
Lila,Santos,46
Marlene,Elsey,62
William,Morlock,76
Kenneth,Sanchez,37
Orlando,Ryan,49
Bob,Kizzee,71
Lewis,Frasier,25
Christopher,Hampton,40
Dorothy,Stanley,40
Celeste,Margo,58
Mary,Highbaugh,53
Myrtle,Rhodes,43
Allen,Casavant,30
Janet,Sands,38
Christopher,Koran,42
William,Clifton,30
Leroy,Santoyo,37
Mark,Kreiter,57
Janet,Tiede,46
Gwendolyn,Page,77
Dennis,Lynch,72
Thomas,Leleux,54
John,Carlson,21
Gregory,Davis,67
Susan,Webb,32
Robert,Angle,53
Ralph,Machesky,76
Deborah,Schmidt,79
Mario,Lykins,29
Wayne,Broome,48
Edgar,Leonard,34
Gladys,Kaufman,31
Kathleen,Wozniak,73
William,Nez,47
William,Kaspar,31
Michelle,Gajeski,21
Victor,Williams,18
Darren,Lopes,50
Boyd,Domingo,46
Mark,Michael,40
Norman,Garrett,39
Walter,Russell,56
Daniel,Marston,51
Susan,Hauser,44
Ann,Larez,20
Ellen,Munoz,23
Harry,Vivian,45
Frank,Zarella,68
Martin,Montgomery,22
Victor,Cohen,62
Deanna,Butts,52
Benito,Fye,73
Lucille,Meeks,80
Henry,Frenzel,24
Robert,Steele,75
Jerry,Clark,29
Gene,Belizaire,68
James,Perry,28
Norman,Wright,63
Philip,Armstrong,72
Thomas,Garza,66
Margaret,Hutton,42
Timothy,Mcfate,23
Alice,Whitfield,67
Vivian,Cole,53
Sammy,Chase,65
Edward,Delisle,43
William,Vega,70
Loretta,Brown,56
Beatrice,Blacklock,67
Daniel,Huskin,70
Anne,Allison,63
Lillian,Vaness,25
Dorothy,Zaragoza,43
Brett,Hodo,67
Eric,Lander,31
Carol,Chasten,75
Pamela,Evans,21
Amanda,Jackson,72
George,Lewis,48
Joe,Whitney,76
Fern,Chin,76
Katherine,Henry,25
Minerva,Quigley,54
Patricia,Ehlert,58
Donna,Hall,53
Kathryn,Covert,63
Christopher,Krois,76
Elizabeth,Rojo,55
Isaiah,Hall,63
Annie,Sanders,38
Michelle,Handy,68
Paul,Borkowski,78
John,Krammes,20
Beatriz,Gebhart,69
James,Donelson,40
Jackie,Avery,73
Luis,Hankins,75
Richard,Artrip,38
William,Hogan,47
Sue,Pruett,20
John,Shepard,67
Bernard,Handy,76
Reid,Mcdonald,48
Robert,Gibson,30
Brian,Johnson,78
Dorothy,Christoff,35
Juan,Quinn,30
Kathryn,Adon,55
William,Mcvey,74
Anthony,Torres,38
Barbara,Daugherty,42
Brian,Walters,77
Vicki,Mcguigan,57
Michelle,Barrier,80
Helen,Mitchell,34
Eddie,Davis,19
Diane,Abbott,60
Phyllis,Brooks,64
David,Mark,64
Carlos,Villalobos,28
Albert,Brodi,67
Earnest,Payne,56
Charlotte,Johnson,55
Agnes,Zimmerman,18
Ruth,Pearson,53
Kathryn,Harvey,48
William,Shine,55
Helen,Newberry,77
Melvin,Allen,75
Jesus,Narcisse,32
Donn,Ortiz,70
Richard,King,77
Rebeca,Collar,56
Aaron,Lebrun,27
James,Gonzales,48
Helena,Mulvihill,75
Blaine,Patterson,75
Marvin,Norrick,67
Elizabeth,Hill,75
Sarah,Engle,21
Zona,Pryor,68
Georgina,Walker,50
Hector,Arpin,23
Rebecca,Difonzo,76
Maria,Warner,35
Glenn,Horton,30
Francisco,Davis,57
Frank,Rowland,29
Isis,Williams,64
Joy,Brock,22
Lee,Grant,22
Christie,Boyd,31
Peter,Garis,62
Mitchell,Gallant,31
Danny,Shoemaker,36
Marilyn,Lucena,35
Tiffany,Baker,42
Samuel,Ruddock,78
Maria,Salas,70
Felicia,Eichberger,76
Douglas,Esmond,63
Amy,Greene,53
Catharine,Shaw,60
Robert,Nesbit,73
Elizabeth,Kahler,63
Opal,Vang,55
Elmer,Busch,66
Clinton,Lechler,28
Elizabeth,Clark,44
Robert,Runge,44
Martin,Bouchard,53
Kyle,Young,26
Margaret,Kelley,67
Carl,Hodnett,72
Suzanne,Conrad,64
Elizabeth,Green,33
Karen,Contreras,37
Stanley,Frey,34
Hector,Garza,28
Patrice,Anderson,75
Julius,Yeung,66
Wendy,Wright,39
Elsie,Tribble,50
Kurtis,Herrera,41
Larry,Fletcher,37
Jada,Monarrez,43
Willie,Le,62
Michael,Williams,61
Deanna,Olivares,50
Marilyn,Bucy,54
Colin,Gibson,44
Hallie,Garnick,45
Joey,Boyd,47
Michael,Hanks,41
James,Sizemore,29
Eddie,Thornton,70
Brian,Brooks,60
Kelli,Conway,76
David,Stapleton,27
Ann,Farmer,25
Donald,Dwyer,39
Kathryn,Sternberg,60
Patrick,Canada,22
Andera,Quijano,22
Armanda,Weaver,35
Arthur,Mcvay,58
Gilbert,Graves,76
Naomi,Kim,18
Victor,Millman,27
Jessica,Spaulding,63
Gary,Salmi,51
Domenic,Robinson,21
Sheena,Hatfield,22
Thelma,Jones,22
Jerlene,Price,31
Anna,Lopez,22
Monica,Troutman,71
Lindsey,Schultz,60
Arnulfo,Blackwell,69
Dianne,Godfrey,58
William,Kaufman,58
Milissa,Ferrell,23
Tina,Kennedy,68
Cindi,Ota,31
Carolyn,Bryan,55
Russell,Allen,36
Dolores,Bemis,46
Joseph,Bernard,51
Michael,Phan,29
Barbara,Hindle,68
Gary,Vass,58
Joe,Willman,54
Elinor,Kautz,59
Ronald,Pugh,29
Raymond,Doyle,50
Theresa,Cruz,46
Brian,Walker,66
Rosario,King,71
Curtis,Frye,70
Dennis,Alvarado,29
Nancy,Lianes,24
Chau,Doerr,74
Curtis,Schwalb,73
Shirley,Mckoy,35
Maurice,Furman,51
Johnnie,King,45
Joseph,Douglas,39
Lynn,Young,80
Emily,Lankford,34
Lucille,Trammell,21
David,Hart,49
Lisette,Schulze,19
Margaret,West,69
Ricki,Castrellon,50
Juan,Schaffner,47
Dustin,Duckett,54
Jerry,Pennington,30
Erica,Prewitt,75
Edward,Barnes,24
Martin,Mckinney,59
Robert,Reevers,80
Irene,Jackson,46
Clayton,Simon,33
Teri,Edwards,53
Rosa,Johnson,65
Tabetha,Franz,34
Donald,Johnson,72
Glenn,Delozier,73
Jeffrey,Santos,75
Gregory,Peterson,59
Mark,Worrell,23
Dianne,Sager,55
Jerome,Berger,18
Belinda,Evans,56
Chantay,Mackie,32
Frank,Burnham,45
Pauline,Banks,23
Ernest,Schreiber,69
Michael,Chavez,27
Kimberly,Hambrick,66
Georgetta,Menotti,58
Greg,Gartner,73
Joel,Rikard,59
Garry,Williams,63
Martin,Depalma,31
Allan,Jones,77
Yvonne,Albrecht,18
Thomas,Bennett,55
Ann,Millet,51
Mildred,Casados,23
Jason,Ford,72
Shannon,Downing,41
Elvira,Christensen,52
Frank,Gibson,50
Lucille,Moore,40
Kimberly,Shaw,62
Leo,Miyasato,47
Ruben,Harris,19
Guillermo,Thomas,35
Mildred,Thompson,52
Kathleen,Thompson,71
Harry,Rodriguez,33
Joe,Dugan,71
William,Carter,34
Joseph,Mccleave,70
Debra,Jackson,78
Celestine,Garnett,74
Helen,Williams,26
Mary,Owens,37
Brendan,Hunter,39
Monica,Hendrickson,76
Javier,Birge,39
Barbara,Baca,59
Larry,Freese,50
Michael,Brown,38
Julia,Romero,75
Tommy,Rowley,50
Jerry,Humphery,49
Francisco,Schmidt,54
Sherman,Risser,22
Debbie,Lau,35
Lucy,Lott,63
Flora,Lopez,41
Lisa,Walker,30
Raymond,Williamson,49
Jared,Lloyd,52
Nicholas,Moore,49
Richard,Alaniz,47
Sean,Gallagher,25
Amber,Colicchio,58
Jeffery,Sweeney,31
Leota,Baron,35
Christopher,Lacy,52
Susan,Keeney,55
Lee,Clark,61
Boris,Wakefield,67
Martin,Mooneyham,55
Guadalupe,Lara,65
Nettie,Jones,75
Bruce,Mcgaugh,76
Joseph,Holmes,52
Theresa,Fontes,73
Willie,Oconnor,48
Michelle,Mcintyre,39
Doreen,Conley,27
James,Cooley,24
Minnie,Collier,21
Harold,Bradbury,39
Shannon,Rowe,53
Donald,Heuck,36
Betty,Blanchard,54
Anthony,Reyes,49
Eugene,Whitney,43
Grant,Norman,65
Kelli,Arends,32
Elaine,Abell,38
Christine,Powell,21
Emily,Mullings,34
Jessica,Hernandez,41
Anne,Williams,18
Billy,Soto,41
Hassan,Edwards,59
Monica,James,33
Aaron,Lopez,70
Willie,Whitaker,72
Zoila,Davies,26
Sybil,Herlocker,77
Esmeralda,Corbeil,24
Tracy,Casteel,73
Erica,Rigsby,28
Lorraine,Butler,64
Melissa,Gray,55
Nell,Keyes,53
Edna,Howard,55
Mattie,Phair,74
Diana,Back,46
Margie,Dionne,21
Carl,Hill,59
Christopher,Watkins,60
Brad,Smith,30
Robert,Stedman,70
Gerald,Ceja,25
Richard,Clark,28
Chad,Barrett,43
Karen,Herrera,32
Carrie,Luna,28
Erik,Greve,53
Donald,Herandez,65
Donna,Kimball,50
Wesley,Stewart,79
Larry,Roberts,34
Martin,Scott,44
Abdul,Etienne,47
Carla,Jahns,23
George,Murray,24
James,Derrick,28
Jack,Wilkins,50
Joanne,Livingston,40
Clifton,Sowell,67
George,Perry,24
Christopher,Durisseau,19
Tasha,Buckley,23
Carol,Osorio,75
Angeline,Plaut,66
Mary,Perez,42
Lynda,Kash,46
Frank,Lowry,42
Mary,Cushman,24
Parker,Thompson,29
Jeremy,Kehoe,22
David,Kiger,62
Robert,Perdue,18
Keith,Winkle,69
Michael,Davis,38
Wayne,Nageotte,36
Katrina,Briney,59
Grace,Clay,70
Lisa,Brewer,28
Daniel,Stanley,68
Phyllis,Pichardo,25
Matthew,James,71
Athena,Stevenson,22
Erwin,Garcia,38
Norman,Garcia,59
Mose,Zielinski,80
Gina,Cannon,63
James,Justus,75
Brent,Gonzalez,68
Cathy,Reeder,33
Mary,Gray,61
Pearl,Sanchez,51
John,Smith,36
Arlene,Hudson,76
Tena,Messer,73
Juan,Bass,69
Garth,Anderson,34
Elaine,Stevens,34
William,Thornton,65
Harold,Little,78
Thomas,Bright,51
Robert,Fisher,60
Grace,Horn,71
David,Smith,18
Zachary,Mills,63
Charles,Watts,19
Donald,Gaines,23
Catherine,Brown,58
Loretta,Valle,69
Marian,Ford,79
Lanny,Kumm,31
Juanita,Hersh,73
Janet,Le,32
Judy,Campbell,39
Robert,Drummond,48
William,Stanley,29
Arthur,Pitts,39
Brian,Tindle,40
Geraldo,Bowles,69
Martha,Bevelacqua,42
Mary,Kelcourse,61
Steve,Kamerling,61
Jean,Tucker,67
Kenneth,Camargo,28
Amy,Lopes,39
William,Hearne,79
Ronald,Keil,50
Marie,Ho,32
Terry,Smith,24
Donna,Mercer,21
Cindy,Dirks,43
Bob,Espinal,76
Martha,Battle,69
James,Mendoza,44
Eric,Gomez,60
Leanne,Williams,29
Nicole,Sweeden,38
Jacqueline,Buckley,57
Patricia,Conrad,42
Joyce,Ulibarri,26
John,Carmack,65
Anna,Broussard,54
Janet,Robinson,19
Gloria,Beavers,37
Donna,Mcnabb,30
Richard,Klos,60
Robert,Jones,22
Gladys,Peterson,35
Danielle,Dawson,50
Henry,Ware,61
David,Peltier,42
Clay,Oliver,71
Stephen,Acree,41
Robert,Estrada,71
Teresa,Fox,23
Elsa,Tanner,19
Geneva,Grobmyer,38
Sophie,Poynter,72
George,Henderson,34
Iris,Senior,23
Luis,Stout,59
Kimberly,Brownlow,52
Patricia,Sheehan,18
Christopher,Blodgett,49
Mark,Hinton,77
Billy,Smith,33
Tricia,Fortin,79
David,Judge,49
Jimmie,Ratliff,76
Bobby,Bailey,59
Jesse,Duncan,65
William,Caston,30
Linda,Walker,64
Catherine,Wohlrab,59
Richard,Cole,50
Anne,Quinn,52
Carrie,Meyer,66
Shawn,Henry,61
Margaret,Brown,52
Patricia,Vecker,45
Robert,Rittinger,18
Dorothy,Swain,47
Ralph,Hales,30
David,Lamb,66
Dennis,Regnier,54
Michael,Cary,49
Betty,Parks,26
Mark,Cancilla,43
Nichole,Kidd,67
Daisy,Earl,80
Mary,Sanchez,54
Marie,Harris,46
Glen,Miyamoto,46
Sabrina,Robertson,35
Kelly,Bronsky,29
Miguel,Gibson,60
Mary,Wysocki,67
Christine,Dean,30
Barbara,Hill,69
Olive,Williams,40
Charles,Huff,72
Glenn,Arnaud,78
Shari,Goforth,74
Rosa,Justis,43
Bernice,Meyer,50
Richard,Mcdonald,46
Mike,Wiggins,79
Donald,Holmes,78
Janet,Strawbridge,54
Gina,Simkins,75
Zachariah,Foster,27
Jill,Hans,68
Warren,Martinez,68
Jason,Siller,31
Joseph,Duplessis,43
Anne,Miller,39
Diane,Paz,74
Micheal,Harper,42
Karl,Wenzel,47
Lottie,Shaw,53
Mark,Heavner,38
Mae,King,43
Bonita,Hill,38
Robin,Crockett,30
Paul,Waldron,49
Kristeen,Yarbrough,65
Bryan,Lewis,34
Rosemary,Barnes,20
Robert,Johnson,45
Brett,Donovan,64
James,Hunt,80
Anita,Shanberg,21
Richard,Meinhart,45
John,Moore,26
Teresa,Cabrera,25
Florence,Sims,79
Helene,Dew,26
John,Wilson,63
Willie,Hanes,22
Joyce,Keels,41
Richard,Soper,25
Heather,Williams,71
Edna,Richie,79
Steven,Williams,46
Jerry,Gang,45
Janet,Cobb,41
Edward,Schaal,34
Jennifer,Ingram,60
Cecelia,Guzman,51
Wonda,Hurrell,57
Lori,Thomas,57
Carmen,Griffin,34
Heather,Robinson,79
Lynn,Spalding,34
Heather,Henderson,44
Blanche,Bowman,42
Addie,Forsyth,38
Lee,Griffin,38
Huey,Banerjee,26
John,Grant,52
Henry,Watkins,59
Fred,Lopez,56
Ruth,Wurth,41
Michael,Alday,73
William,Haviland,53
Marjory,Bolte,74
Cheri,Tanner,44
Jessie,Johnson,56
Michael,Greer,78
Leann,Pace,43
William,Rodriguez,23
Doreen,Reese,76
Joshua,Fisher,62
Mary,Foster,41
Howard,Herring,41
Norman,Fischer,56
Sandra,Mckinney,26
Hector,Romero,42
Tonya,Thomas,60
Thomas,Williams,70
Christopher,Krause,74
Rene,Taylor,35
Robert,Hall,62
William,Petry,39
Brandon,Rencher,41
Kimberly,Venema,76
Patrick,Marcum,37
Russell,Burch,74
Miriam,Kevan,60
Phebe,Mori,45
Linda,Rodgers,71
Susan,Fala,40
Manuela,Butler,32
Charles,Enriquez,43
John,Nolin,51
Aaron,Long,52
Earnestine,Arenas,74
David,Murray,74
Anna,Harris,75
Stephen,Purdy,47
Thomas,Zastawny,34
Pam,Legge,51
Jaime,Tankersley,34
Nicholas,Preciado,62
Danny,Self,72
Mattie,Stephens,47
Ruby,Deschamps,45
Ron,Mcdougald,80
Kevin,Foley,64
Michael,Barnes,43
Daniel,Adams,44
Stanley,Camacho,37
Karen,Adams,54
Mike,Pantoja,53
Bridgette,Williams,71
Aaron,Simmons,70
Lucinda,Lemaire,19
Patti,Bullard,79
Alan,Carroll,25
Jose,Mercer,18
Colette,Pettis,28
Faith,Robinson,59
Olga,Maks,51
John,Perry,62
Michelle,Hensley,32
Donald,Fox,55
Frances,Hall,39
Jeffery,Haas,77
Arlene,Campbell,21
Megan,Abram,33
Marie,Spotts,50
Jon,Riddle,58
Todd,Cox,39
Robert,Moyes,26
Doris,Mcdaniel,56
Herb,Hickson,21
Betty,Smith,74
Mark,Donovan,38
Theresa,Shisler,70
Curtis,Hyppolite,56
Kenneth,Riess,50
Lawrence,Mccombs,50
Mary,Gartman,51
Jeffrey,Guerrero,62
Margaret,Smith,38
Dawn,Luciano,76
Joan,Bailey,53
Marco,Palmer,60
Lloyd,Jones,26
Tommy,Silkwood,67
Luis,Cockrell,25
Barbara,Jones,60
Donald,West,44
Eric,Moyers,56
Jennifer,Peterson,56
Bruce,Hallman,71
Louise,Gillam,62
Helene,Brantley,80
Kathleen,Arnold,53
George,Harris,72
Tracie,Sosa,51
Jose,Lee,43
Adrian,Tucker,57
Deborah,Tapia,44
Roy,Stephany,72
Armando,Green,18
Teresa,Dacosta,61
Jeffrey,Welch,19
Temple,Delrio,75
Amalia,Raphael,69
Frances,Whitehorn,57
Ross,Miller,22
Kelly,Holmes,70
Barbara,Quan,79
Kay,Russell,45
Araceli,Luu,26
John,Marlor,76
Sarah,Guillot,48
Jennifer,Anderson,64
Walter,Powers,67
Samuel,Hamilton,69
Linda,Leatherman,34
Jeff,Munroe,43
Ronald,Benjamin,68
Jeanne,Cotton,64
Barbara,James,21
Daniel,Smartt,46
Rachel,Lewis,64
Thomas,Kinch,58
Howard,Craig,76
Jason,Sheffer,32
Theresa,Zavala,39
Brad,Bowman,58
Bryan,Grammer,51
Darwin,Thomas,38
Rebecca,Plaskett,50
Salvatore,Shade,60
